State,PC,protein (g),fat (g),carbohydrates (g),energy (kJ),energyKcal (kCal)
Andaman & Nicobar Island,Andaman & Nicobar Islands,65.8,55.8,367.0,9048.6,2267.5
Andhra Pradesh,Araku,53.1,43.3,367.2,8656.2,2105.1
Andhra Pradesh,Anakapalli,50.8,41.3,346.4,8175.5,1992.6
Andhra Pradesh,Srikakulam,57.2,42.5,408.5,9436.3,2282.5
Andhra Pradesh,Eluru,56.6,49.7,376.0,9039.7,2212.2
Andhra Pradesh,Rajahmundry,54.8,48.2,367.8,8810.5,2157.5
Andhra Pradesh,narsapuram,56.2,49.0,375.4,8995.7,2201.8
Andhra Pradesh,Amlapuram,54.1,47.8,363.8,8714.3,2134.6
Andhra Pradesh,narasaraopet,50.2,45.3,336.6,8056.8,1985.9
Andhra Pradesh,Machilipatnam,57.9,51.7,377.6,9159.6,2240.8
Andhra Pradesh,Guntur,50.2,45.3,336.7,8057.9,1986.1
Andhra Pradesh,Ongole,61.1,46.6,418.5,9836.3,2375.8
Andhra Pradesh,Bapatla,56.3,46.1,382.8,9061.3,2206.0
Andhra Pradesh,Kurnool,46.6,40.6,316.3,7614.9,1845.5
Andhra Pradesh,Vizianagaram,55.3,43.3,391.9,9147.9,2214.3
Andhra Pradesh,Kakinada,54.1,47.8,363.8,8714.3,2134.6
Andhra Pradesh,Rajampet,57.2,48.9,385.8,9183.6,2247.4
Andhra Pradesh,Nellore,61.0,47.6,414.0,9740.5,2366.2
Andhra Pradesh,Anantapur,59.6,46.2,408.6,9580.6,2325.8
Andhra Pradesh,Kadapa,56.5,48.3,382.8,9113.5,2227.4
Andhra Pradesh,nandyal,46.6,40.6,316.3,7614.9,1845.5
Andhra Pradesh,Chittoor,57.6,49.2,387.5,9220.7,2257.9
Andhra Pradesh,Tirupati,59.5,48.4,402.2,9507.2,2318.5
Andhra Pradesh,Hindupur,59.6,46.2,408.6,9580.6,2325.8
Andhra Pradesh,Vijayawada,57.9,51.7,377.6,9160.2,2240.9
Andhra Pradesh,Visakhapatnam,51.3,41.7,351.3,8287.6,2017.9
Arunanchal Pradesh,Arunachal West,46.2,18.8,348.6,7361.4,1781.7
Arunanchal Pradesh,Arunachal East,56.6,24.8,423.5,8985.2,2183.3
Assam,Lakhimpur,53.8,31.2,392.4,8617.5,2100.6
Assam,Dibrugarh,51.6,32.6,340.0,7712.7,1890.2
Assam,Jorhat,55.5,29.4,413.1,8956.4,2176.0
Assam,Tezpur,52.8,30.0,390.3,8572.0,2077.2
Assam,Kaliabor,55.2,26.1,409.5,8802.0,2130.9
Assam,Mangaldoi,52.8,30.4,394.0,8630.9,2095.5
Assam,nagaon,56.3,26.3,414.0,8916.4,2154.6
Assam,Autonomous District,44.5,24.8,353.2,7684.2,1845.6
Assam,Dhubri,49.0,28.5,367.3,8052.3,1953.7
Assam,Karimganj,44.3,22.5,355.9,7649.9,1834.7
Assam,Silchar,45.7,26.4,356.0,7802.6,1875.5
Assam,Kokrajhar,49.3,26.9,374.7,8097.7,1971.4
Assam,Guwahati,51.8,33.6,367.9,8244.3,2013.2
Assam,Barpeta,52.5,28.8,383.3,8379.2,2036.1
Bihar,Muzaffarpur,52.2,30.7,335.6,7702.8,1860.2
Bihar,Valmiki nagar,52.8,32.3,345.8,7973.9,1920.5
Bihar,Araria,55.9,34.6,370.4,8525.1,2052.6
Bihar,Gopalganj,54.6,33.7,352.0,8161.1,1965.3
Bihar,Siwan,51.2,27.1,328.1,7445.1,1794.1
Bihar,Vaishali,52.1,31.8,331.3,7677.3,1852.9
Bihar,Jhanjharpur,55.2,37.5,357.9,8398.4,2024.8
Bihar,Supaul,58.7,38.5,381.4,8888.4,2143.8
Bihar,Pashchim Champaran,54.0,34.2,342.2,7990.8,1926.8
Bihar,Madhubani,53.5,36.1,349.0,8161.1,1968.7
Bihar,Kishanganj,54.1,34.2,362.3,8323.2,2008.4
Bihar,Darbhanga,50.7,33.7,333.6,7752.0,1872.1
Bihar,Purnia,55.1,34.2,365.0,8409.5,2024.5
Bihar,Maharajganj,54.2,29.8,347.1,7912.8,1908.8
Bihar,Madhepura,61.3,44.4,400.4,9430.3,2284.9
Bihar,Begusarai,53.1,33.2,350.9,8012.8,1947.4
Bihar,Arrah,50.1,31.5,331.4,7632.7,1842.1
Bihar,Sasaram,55.1,36.8,365.5,8507.1,2049.7
Bihar,nawada,61.1,32.8,392.5,8936.3,2149.4
Bihar,Banka,59.7,34.0,403.6,9127.7,2199.0
Bihar,nalanda,50.2,29.9,329.0,7531.9,1818.2
Bihar,Katihar,56.6,32.5,388.6,8753.6,2111.4
Bihar,Samastipur,50.3,34.5,332.2,7740.5,1871.7
Bihar,Khagaria,58.6,40.2,385.1,9000.9,2173.6
Bihar,Pataliputra,53.1,37.5,337.9,8005.4,1935.5
Bihar,Buxar,51.6,36.5,336.9,7951.6,1915.1
Bihar,Patna Sahib,53.0,37.5,337.4,7996.6,1933.1
Bihar,Bhagalpur,64.4,32.8,430.9,9637.4,2319.2
Bihar,Munger,59.7,33.8,394.7,8969.4,2161.2
Bihar,Purba Champaran,54.9,35.5,339.6,8002.0,1931.2
Bihar,Sheohar,51.6,30.1,331.4,7615.2,1836.0
Bihar,Sitamarhi,48.3,25.7,324.9,7291.2,1756.6
Bihar,Ujiapur,50.6,35.1,328.0,7703.8,1861.5
Bihar,Hajipur,52.0,36.9,312.1,7562.0,1819.6
Bihar,Karakat,56.0,32.3,363.1,8312.2,2002.6
Bihar,Saran (Chhapra),55.7,31.1,356.3,8140.7,1964.7
Bihar,Jamui,62.2,31.6,413.9,9269.9,2230.7
Bihar,Aurangabad,61.0,32.3,393.4,8931.5,2148.1
Bihar,Gaya,63.5,32.5,411.8,9304.5,2235.3
Bihar,Jahanabad,59.6,33.1,380.3,8704.3,2095.5
Chandigarh,Chandigarh,53.7,57.9,286.0,7689.6,1904.3
Chhattisgarh,Janjgir-Champa,48.2,29.2,378.4,8287.6,2004.2
Chhattisgarh,Raipur,51.1,30.9,386.8,8499.0,2066.3
Chhattisgarh,Surguja,53.1,31.4,410.1,9032.8,2173.1
Chhattisgarh,Bilaspur,47.7,30.2,378.3,8313.6,2010.6
Chhattisgarh,Rajnandgaon,49.2,25.3,401.3,8563.7,2066.6
Chhattisgarh,Durg,48.8,33.7,371.1,8309.2,2017.1
Chhattisgarh,Mahasamund,50.2,33.9,383.5,8521.4,2075.2
Chhattisgarh,Raigarh,49.7,32.7,383.4,8517.6,2062.2
Chhattisgarh,Kanker,48.1,30.8,372.0,8203.9,1992.5
Chhattisgarh,Bastar,46.3,28.8,349.1,7731.2,1874.0
Chhattisgarh,Korba,49.5,32.1,393.4,8685.0,2096.2
Dadara & nagar Havelli,Dadra & nagar Haveli,45.0,44.6,282.9,7091.3,1740.9
Daman & Diu,Daman & Diu,55.4,59.7,299.9,8122.8,1996.2
Goa,South Goa,57.2,61.3,308.1,8345.9,2034.7
Goa,North Goa,53.4,61.5,303.5,8197.5,2003.7
Gujarat,Bardoli,52.9,61.0,313.0,8301.6,2042.7
Gujarat,Junagadh,51.2,75.8,267.8,8059.6,1981.5
Gujarat,Surat,52.9,61.0,313.0,8301.6,2042.7
Gujarat,Kheda,47.6,58.7,268.0,7401.0,1816.2
Gujarat,Ahmadabad (West),48.5,72.7,262.5,7714.5,1920.6
Gujarat,Jamnagar,51.5,62.6,287.6,8021.2,1946.8
Gujarat,Sabar Kantha,44.4,47.2,273.1,7087.3,1719.6
Gujarat,Banas Kantha,54.8,64.4,316.6,8561.1,2093.7
Gujarat,Patan,53.0,61.5,306.3,8284.6,2019.7
Gujarat,Panch Mahals,46.7,51.3,286.1,7423.7,1819.3
Gujarat,Dohad,43.6,45.2,270.0,6879.2,1685.6
Gujarat,Vadodara,48.3,64.0,287.6,7821.1,1944.1
Gujarat,Anand,47.4,49.7,283.4,7419.0,1798.0
Gujarat,Amreli,47.3,59.1,258.2,7156.9,1777.7
Gujarat,Ahmadabad (East),48.1,68.7,272.1,7763.7,1923.2
Gujarat,Rajkot,50.0,79.6,266.0,8115.0,2003.4
Gujarat,Surendranagar,55.3,73.2,306.8,8689.1,2136.3
Gujarat,navsari,54.8,59.3,318.0,8365.6,2054.7
Gujarat,Bharuch,48.4,60.8,285.4,7753.8,1907.6
Gujarat,Chhota Udaipur,48.5,59.4,294.8,7822.7,1934.0
Gujarat,Porbandar,51.4,75.6,275.1,8193.9,2011.5
Gujarat,Valsad,56.1,57.9,323.1,8392.4,2069.2
Gujarat,Gandhinagar,48.3,70.4,268.1,7743.5,1922.1
Gujarat,Mahesana,49.9,62.5,285.2,7878.1,1929.7
Gujarat,Bhavnagar,44.4,58.0,244.0,6742.4,1697.1
Gujarat,Kachchh,59.5,75.3,331.0,9264.0,2270.0
Haryana,Ambala,57.2,57.0,330.4,8498.6,2090.6
Haryana,Krukshetra,61.9,62.8,351.7,9072.7,2248.0
Haryana,Sirsa,60.0,59.1,328.2,8683.6,2111.9
Haryana,Karnal,58.9,56.1,346.7,8838.7,2156.5
Haryana,Sonipat,62.0,61.4,341.1,8958.6,2192.1
Haryana,Hisar,63.9,62.6,341.8,9105.6,2214.2
Haryana,Rohtak,61.7,61.9,315.3,8512.5,2092.5
Haryana,Bhiwani - Mahendragarh,68.0,62.2,356.9,9404.4,2291.1
Haryana,Gurgaon,62.6,70.3,329.1,9067.6,2228.1
Haryana,Faridabad,55.4,60.4,285.8,7841.6,1933.9
Himachal Pradesh,Hamirpur,65.7,58.4,388.1,9770.1,2375.9
Himachal Pradesh,Kangra,65.6,54.4,404.7,9950.6,2408.2
Himachal Pradesh,Shimla,68.5,61.8,393.6,10016.0,2440.3
Himachal Pradesh,Mandi,66.9,55.8,401.0,9941.8,2410.3
Jammu & Kashmir,Leh (Ladakh),66.6,53.5,429.2,10401.7,2502.7
Jammu & Kashmir,Jammu,63.2,65.9,366.6,9635.4,2344.0
Jammu & Kashmir,Srinagar,60.1,54.0,375.8,9381.0,2261.5
Jammu & Kashmir,Anantnag,63.1,48.6,439.3,10410.6,2482.4
Jammu & Kashmir,Baramula,66.0,48.1,464.5,10848.5,2593.2
Jammu & Kashmir,Udhampur,60.2,55.3,400.2,9852.2,2370.8
Jharkhand,Jamshedpur,59.3,33.1,418.0,9295.3,2247.4
Jharkhand,Singhbhum,52.9,37.5,363.7,8360.6,2038.7
Jharkhand,Rajmahal,53.1,31.2,362.7,8198.7,1978.4
Jharkhand,Dumka,56.7,32.2,391.7,8777.2,2121.8
Jharkhand,Godda,55.6,30.6,390.3,8682.9,2097.2
Jharkhand,Palamu,52.3,35.1,370.7,8403.5,2042.9
Jharkhand,Hazaribagh,56.4,34.3,413.0,9210.7,2224.6
Jharkhand,Dhanbad,52.5,28.3,374.4,8275.7,1997.9
Jharkhand,Kodarma,52.5,34.4,369.8,8402.2,2033.7
Jharkhand,Lohardaga,53.2,26.7,391.1,8535.4,2055.8
Jharkhand,Khunti,50.5,40.3,336.2,7992.9,1941.0
Jharkhand,Chatra,55.8,49.9,336.7,8474.4,2049.8
Jharkhand,Ranchi,44.4,21.3,349.0,7437.5,1797.5
Jharkhand,Giridih,53.1,29.6,389.0,8574.9,2070.9
Karnataka,Gulbarga,46.8,46.9,301.9,7529.6,1843.3
Karnataka,Bijapur,44.1,42.9,272.4,6975.7,1678.5
Karnataka,Chikkodi,58.1,56.0,369.5,9284.3,2249.5
Karnataka,Raichur,58.3,53.5,361.1,8972.7,2194.8
Karnataka,Koppal,58.3,48.8,368.7,9000.4,2184.0
Karnataka,Haveri,52.9,52.1,364.4,8978.2,2169.8
Karnataka,Davanagere,56.5,47.7,352.6,8408.8,2094.6
Karnataka,Chikkaballapura,54.8,47.5,366.7,8871.9,2149.3
Karnataka,Udupi Chikmagalur,56.0,49.4,364.7,8939.0,2163.6
Karnataka,Tumkur,51.5,48.1,343.1,8458.5,2041.4
Karnataka,Kolar,48.2,48.4,315.8,7870.2,1919.7
Karnataka,Bangalore Rural,56.1,60.0,327.0,8564.4,2103.2
Karnataka,Dharwad,49.6,49.7,327.8,8150.0,1985.9
Karnataka,Bangalore North,56.1,60.0,327.0,8564.4,2103.2
Karnataka,Dakshina Kannada,45.9,44.8,313.6,7702.7,1871.2
Karnataka,Mysore,57.0,51.2,374.2,9161.0,2221.0
Karnataka,Chamrajnagar,47.9,45.1,314.0,7709.6,1882.1
Karnataka,Mandya,46.9,40.9,315.6,7626.7,1848.1
Karnataka,Bellary,47.1,47.5,315.9,7849.6,1908.2
Karnataka,Chitradurga,47.2,47.5,316.1,7852.9,1909.0
Karnataka,Bidar,45.2,41.6,307.2,7447.0,1812.6
Karnataka,Uttara Kannada,49.8,44.0,304.3,7592.4,1838.8
Karnataka,Shimoga,46.8,41.1,310.8,7579.5,1830.4
Karnataka,Hassan,42.9,42.6,271.2,6929.7,1666.9
Karnataka,Belgaum,56.1,60.0,327.0,8564.4,2103.2
Karnataka,Bangalore South,58.1,57.1,348.9,8922.9,2175.4
Karnataka,Bangalore Central,44.0,45.2,289.1,7227.7,1766.0
Karnataka,Bagalkot,42.4,27.6,313.8,7045.7,1702.6
Karnataka,Malappuram,59.2,50.9,307.0,7861.9,1946.9
Karnataka,Pathanamthitta,55.3,51.4,335.6,8281.6,2053.8
Karnataka,Mavelikkara,56.9,47.2,287.6,7426.6,1825.2
Karnataka,Thiruvananthapuram,56.7,47.6,291.6,7498.5,1844.4
Karnataka,Palakkad,59.4,52.9,310.7,8112.8,1982.3
Karnataka,Thrissur,63.6,60.0,319.3,8510.9,2098.8
Karnataka,Alathur,58.1,51.5,307.4,7985.2,1950.5
Karnataka,Kasaragod,58.4,52.2,299.9,7957.8,1926.5
Karnataka,Attingal,56.6,52.1,330.7,8286.8,2045.7
Karnataka,Vadakara,59.2,53.4,321.6,8296.7,2030.4
Karnataka,Kozhikode,61.9,53.8,330.6,8503.6,2081.9
Karnataka,Kannur,58.1,50.7,328.2,8343.7,2029.6
Karnataka,Chalakudy,63.6,60.0,319.3,8510.9,2098.7
Karnataka,Idukki,57.6,51.0,296.9,7844.8,1900.1
Karnataka,Alappuzha,50.2,47.1,325.4,8018.6,1954.6
Karnataka,Kottayam,61.7,56.3,309.9,8271.1,2019.3
Karnataka,Kollam,47.6,44.2,258.5,6770.2,1642.6
Karnataka,Ernakulam,58.1,51.8,305.0,7993.9,1943.1
Karnataka,Wayanad,59.1,51.1,305.9,7876.9,1943.7
Karnataka,Ponnani,60.5,51.7,308.6,7993.7,1967.5
Lakshadweep,Lakshadweep,58.7,49.8,298.6,7680.3,1901.7
Madhya Pradesh,Bhind,55.2,38.4,336.8,8106.9,1948.3
Madhya Pradesh,Balaghat,73.4,80.8,394.3,10725.7,2623.7
Madhya Pradesh,Hoshangabad,54.6,47.1,311.6,7900.6,1919.7
Madhya Pradesh,Dhar,62.0,48.9,357.5,8822.4,2152.5
Madhya Pradesh,Indore,54.7,43.9,317.7,7872.0,1916.1
Madhya Pradesh,Gwalior,73.7,51.6,416.1,10165.4,2465.6
Madhya Pradesh,Sidhi,51.5,36.3,351.8,8208.5,1973.7
Madhya Pradesh,Rajgarh,51.5,43.1,291.1,7393.1,1787.3
Madhya Pradesh,Sagar,54.4,31.9,356.2,8117.6,1965.9
Madhya Pradesh,Damoh,53.9,40.2,342.5,8236.7,1982.5
Madhya Pradesh,Shahdol,59.0,30.9,385.2,8707.9,2094.2
Madhya Pradesh,Dewas,58.8,42.6,361.9,8673.5,2102.8
Madhya Pradesh,Ujjain,71.6,44.8,408.6,9776.2,2366.2
Madhya Pradesh,Bhopal,52.8,40.5,298.3,7445.6,1799.5
Madhya Pradesh,Vidisha,60.5,49.0,351.8,8664.8,2124.5
Madhya Pradesh,Ratlam,63.4,45.7,371.3,8991.6,2186.9
Madhya Pradesh,Rewa,54.4,41.5,323.7,7948.5,1917.9
Madhya Pradesh,Satna,55.4,43.8,332.8,8149.2,1980.1
Madhya Pradesh,Mandsaur,46.5,34.8,303.1,7185.3,1741.4
Madhya Pradesh,Guna,62.0,52.5,351.2,8909.7,2160.1
Madhya Pradesh,Chhindwara,56.1,59.8,310.0,8184.7,2032.0
Madhya Pradesh,Betul,48.6,36.4,350.3,8122.9,1957.6
Madhya Pradesh,Khargone,60.4,44.9,351.1,8624.7,2086.9
Madhya Pradesh,Jabalpur,56.7,55.2,317.3,8277.7,2023.0
Madhya Pradesh,Mandla,64.0,45.6,375.4,9131.8,2207.9
Madhya Pradesh,Morena,55.0,45.7,316.2,7945.5,1926.7
Madhya Pradesh,Tikamgarh,49.6,32.1,336.0,7742.8,1864.6
Madhya Pradesh,Khajuraho,49.5,42.6,315.3,7715.6,1873.2
Madhya Pradesh,Khandwa,58.5,40.1,360.0,8555.8,2070.8
Maharashtra,Buldana,49.8,53.0,288.4,7462.6,1854.1
Maharashtra,Madha,62.2,58.4,371.4,9504.8,2294.8
Maharashtra,Satara,56.1,59.1,318.7,8438.4,2060.8
Maharashtra,Jalgaon,60.0,52.5,369.3,9212.9,2224.6
Maharashtra,Akola,54.4,55.6,303.9,8088.4,1962.7
Maharashtra,Sangli,55.8,59.1,344.4,8950.6,2163.7
Maharashtra,Solapur,61.0,59.5,358.2,9251.8,2245.5
Maharashtra,Amravati,53.8,48.6,327.4,8222.9,1993.7
Maharashtra,Ramtek,54.4,56.9,333.8,8574.8,2096.4
Maharashtra,nandurbar,52.9,49.4,324.3,8205.2,1984.7
Maharashtra,Bhandara - Gondiya,58.0,65.2,312.1,8548.9,2096.8
Maharashtra,Wardha,56.5,55.5,346.8,8847.0,2147.1
Maharashtra,Shirur,55.1,61.2,304.2,8201.7,2015.2
Maharashtra,Beed,55.1,61.2,304.2,8201.7,2015.2
Maharashtra,Maval,59.0,59.4,341.7,8912.4,2168.4
Maharashtra,Parbhani,54.6,54.2,325.0,8402.9,2036.5
Maharashtra,Raigarh,48.1,46.9,307.6,7632.0,1871.7
Maharashtra,Osmanabad,62.3,59.6,368.0,9455.8,2291.9
Maharashtra,Hatkanangle,51.3,46.0,351.2,8510.6,2057.4
Maharashtra,Dhule,52.8,47.5,337.0,8333.0,2020.0
Maharashtra,Garhchiroli - Chimur,51.1,58.3,297.0,7889.2,1944.5
Maharashtra,Raver,52.7,56.3,311.8,8222.6,1994.7
Maharashtra,Biwandi,51.3,47.1,364.3,8758.8,2119.9
Maharashtra,Dindori,52.5,57.3,307.9,8139.1,1986.5
Maharashtra,Jalna,53.5,57.2,316.8,8346.4,2026.4
Maharashtra,Aurangabad,56.7,53.0,336.8,8553.3,2083.6
Maharashtra,Chandrapur,48.1,50.6,282.0,7473.1,1803.0
Maharashtra,nashik,51.1,58.3,297.0,7889.1,1944.5
Maharashtra,Shirdi,54.4,55.6,303.9,8088.4,1962.7
Maharashtra,Hingoli,56.2,60.6,343.8,9004.0,2176.6
Maharashtra,Ahmadnagar,56.4,50.2,319.3,8145.4,1985.8
Maharashtra,Palghar,49.8,53.0,288.4,7462.4,1854.0
Maharashtra,Latur,56.4,61.2,343.6,9024.9,2181.6
Maharashtra,Baramati,52.0,57.4,285.5,7771.3,1893.1
Maharashtra,Ratnagiri - Sindhudurg,55.6,57.6,350.3,8970.5,2171.7
Maharashtra,Kolhapur,49.8,53.0,288.4,7462.6,1854.1
Maharashtra,Thane,49.8,53.1,288.4,7463.7,1854.8
Maharashtra,Mumbai North,49.1,51.4,298.7,7633.8,1879.8
Maharashtra,Mumbai North-West,52.3,61.0,283.9,7554.7,1916.3
Maharashtra,Mumbai North-East,52.3,61.0,283.9,7554.7,1916.3
Maharashtra,Mumbai North-Central,52.3,60.9,283.9,7554.5,1916.2
Maharashtra,Mumbai South,52.3,61.0,283.9,7554.7,1916.3
Maharashtra,Mumbai South-Central,52.3,61.0,283.9,7554.7,1916.3
Maharashtra,Kalyan,50.7,56.1,280.2,7599.4,1855.0
Maharashtra,Pune,55.1,61.2,304.2,8201.7,2015.2
Maharashtra,nanded,58.1,52.5,353.5,8907.4,2152.5
Maharashtra,Yavatmal - Washim,51.7,47.2,308.9,7814.9,1897.8
Maharashtra,nagpur,54.4,56.9,333.8,8574.8,2096.4
Manipur,Inner Manipur,49.9,19.7,408.9,8449.4,2048.8
Manipur,Outer Manipur,49.0,15.7,405.6,8312.9,1996.4
Meghalaya,Tura,49.4,31.5,338.4,7591.9,1864.0
Meghalaya,Shillong,40.8,22.7,310.1,6767.7,1634.4
Mizoram,Mizoram,51.5,37.3,393.2,8863.1,2148.4
Nagaland,Nagaland,51.3,20.1,378.3,8020.4,1933.9
NCT of Delhi,West Delhi,50.6,52.4,269.1,7163.7,1775.1
NCT of Delhi,North West Delhi,51.6,58.7,276.3,7425.5,1863.9
NCT of Delhi,Chandni Chowk,53.1,61.5,286.7,7678.8,1937.8
NCT of Delhi,North East Delhi,49.8,58.1,274.4,7344.1,1843.0
NCT of Delhi,South Delhi,55.8,66.5,307.6,8366.7,2080.1
NCT of Delhi,East Delhi,53.7,67.4,298.7,7985.8,2040.5
NCT of Delhi,New Delhi,55.2,62.3,301.8,8139.6,2016.4
Odisha,Bhadrak,54.9,26.7,428.6,9122.3,2212.8
Odisha,Jajapur,53.2,30.0,397.5,8660.7,2109.4
Odisha,Sambalpur,52.7,30.3,414.9,8932.0,2180.2
Odisha,Baleshwar,55.1,26.5,424.7,9100.1,2196.8
Odisha,Kendujhar,52.4,20.5,426.6,8895.1,2140.2
Odisha,Mayurbhanj,50.9,16.7,423.4,8700.3,2087.1
Odisha,Sundargarh,49.4,26.1,387.5,8247.4,2018.4
Odisha,Bargarh,48.1,25.1,391.8,8287.6,2021.1
Odisha,Dhenkanal,61.3,32.9,466.2,10034.8,2448.6
Odisha,Bolangir,51.6,25.8,427.3,8980.1,2186.4
Odisha,Kalahandi,47.0,20.2,384.3,8054.7,1942.5
Odisha,Kandhamal,52.3,24.0,412.9,8728.8,2116.1
Odisha,Kendrapara,54.1,35.9,393.3,8783.2,2148.3
Odisha,Cuttack,53.7,34.9,389.1,8676.5,2121.3
Odisha,Bhubaneswar,52.7,30.5,370.5,8095.1,2000.8
Odisha,Aska,56.8,29.6,440.7,9440.9,2299.1
Odisha,Jagatsinghpur,53.0,29.9,393.9,8593.2,2092.7
Odisha,nabarangapur,46.1,21.6,369.0,7806.3,1888.8
Odisha,Koraput,46.0,19.8,372.1,7818.5,1885.9
Odisha,Puri,51.2,27.4,375.3,8125.4,1986.7
Odisha,Berhampur,55.5,28.7,434.3,9282.3,2258.5
Puducherry,Puducherry,59.5,58.5,350.0,8951.6,2195.7
Punjab,Jalandhar,52.8,60.2,297.9,8052.0,1969.5
Punjab,Hoshiarpur,57.6,62.5,326.8,8617.8,2126.8
Punjab,Fatehgarh Sahib,59.4,61.3,329.2,8695.6,2133.7
Punjab,Firozpur,64.3,59.1,363.0,9322.3,2273.0
Punjab,Patiala,62.8,67.6,352.7,9347.6,2298.7
Punjab,Bathinda,63.1,63.9,347.9,9185.4,2248.4
Punjab,Gurdaspur,59.3,64.2,339.7,8943.3,2202.8
Punjab,Amritsar,58.6,60.7,339.1,8850.8,2164.9
Punjab,Khadoor Sahib,57.4,59.8,328.9,8617.4,2110.0
Punjab,Anandpur Sahib,58.7,64.1,317.1,8571.4,2107.5
Punjab,Sangrur,60.4,60.3,342.4,8925.8,2182.4
Punjab,Ludhiana,57.0,59.4,311.5,8279.0,2036.0
Punjab,Faridkot,65.9,63.3,363.9,9494.6,2319.8
Rajasthan,Churu,66.0,58.6,362.8,9348.3,2276.7
Rajasthan,Bikaner,61.9,65.0,332.2,8889.8,2190.6
Rajasthan,Jhunjhunun,69.9,65.9,362.1,9666.1,2355.2
Rajasthan,Alwar,67.7,58.6,364.2,9427.8,2290.3
Rajasthan,Jodhpur,60.8,63.9,334.6,8979.7,2190.6
Rajasthan,Sikar,62.9,59.0,334.0,8798.8,2149.6
Rajasthan,nagaur,61.4,61.1,336.1,8925.6,2173.6
Rajasthan,Tonk - Sawai Madhopur,59.7,55.6,329.7,8568.5,2090.7
Rajasthan,Bharatpur,65.7,55.5,364.8,9304.1,2256.3
Rajasthan,Barmer,74.7,76.0,390.5,10685.4,2586.8
Rajasthan,Ajmer,60.0,58.0,332.8,8664.5,2125.4
Rajasthan,Karauli - Dhaulpur,63.6,50.9,349.1,8844.7,2143.7
Rajasthan,Jhalawar - Baran,59.3,50.6,323.9,8297.0,2020.4
Rajasthan,Rajsamand,60.2,55.9,343.4,8844.0,2151.2
Rajasthan,Jalore,61.5,54.8,333.0,8673.7,2104.7
Rajasthan,Bhilwara,64.0,57.2,364.0,9293.3,2262.1
Rajasthan,Kota,63.5,56.2,349.4,8990.4,2191.1
Rajasthan,Pali,59.0,61.5,329.9,8776.2,2142.1
Rajasthan,Ganganagar,70.2,55.4,391.9,9784.0,2383.0
Rajasthan,Dausa,63.3,61.1,335.6,8917.5,2178.1
Rajasthan,Chittaurgarh,61.2,51.6,351.2,8799.4,2148.1
Rajasthan,Jaipur,60.2,60.7,322.0,8581.8,2106.0
Rajasthan,Banswara,59.1,44.2,343.0,8361.6,2040.2
Rajasthan,Udaipur,53.1,40.4,309.3,7578.3,1845.5
Rajasthan,Jaipur Rural,61.1,60.5,327.0,8680.6,2127.5
Sikkim,Sikkim,51.2,45.1,339.4,8208.2,1999.7
Tamil Nadu,Erode,50.0,45.7,329.4,8002.7,1958.6
Tamil Nadu,Tenkasi,49.8,47.8,321.0,7896.7,1940.5
Tamil Nadu,Tirunelveli,49.3,49.0,314.6,7835.9,1922.8
Tamil Nadu,Kanniyakumari,61.6,57.5,318.2,8413.8,2064.2
Tamil Nadu,Coimbatore,52.8,55.0,323.8,8257.1,2029.9
Tamil Nadu,Mayiladuthurai,52.6,49.3,334.3,8235.8,2019.7
Tamil Nadu,Perambalur,58.4,44.2,400.3,9244.3,2268.7
Tamil Nadu,Dindigul,53.7,47.4,346.4,8271.6,2056.0
Tamil Nadu,Arakkonam,46.5,38.8,297.1,7118.3,1750.3
Tamil Nadu,Chennai South,50.0,47.9,302.2,7586.8,1867.4
Tamil Nadu,Krishnagiri,53.0,47.7,340.0,8302.8,2031.7
Tamil Nadu,Arani,42.3,32.8,283.3,6655.0,1623.4
Tamil Nadu,Tiruvannamalai,44.3,34.9,291.2,6856.3,1682.4
Tamil Nadu,Sriperumbudur,48.8,44.4,304.6,7508.8,1840.6
Tamil Nadu,Vellore,45.9,37.6,294.9,7025.9,1728.2
Tamil Nadu,Kancheepuram,48.4,43.6,301.3,7427.6,1818.9
Tamil Nadu,Kallakurichi,44.8,35.8,307.1,7251.5,1757.7
Tamil Nadu,Nilgiris,50.0,48.0,315.3,7821.8,1921.0
Tamil Nadu,Chidambaram,51.3,38.7,355.3,8266.9,2008.3
Tamil Nadu,Chennai North,50.6,49.6,302.4,7646.9,1885.8
Tamil Nadu,Chennai Central,51.0,50.8,300.4,7653.4,1890.0
Tamil Nadu,Thoothukkudi,43.5,41.5,286.4,7057.9,1717.5
Tamil Nadu,nagappattinam,54.3,50.2,344.6,8484.3,2077.3
Tamil Nadu,Tiruvallur,49.3,45.3,308.5,7605.5,1866.4
Tamil Nadu,Viluppuram,39.9,30.9,270.8,6398.3,1545.1
Tamil Nadu,Cuddalore,44.9,35.2,301.1,7135.7,1727.7
Tamil Nadu,Shivaganga,52.8,43.1,357.6,8401.3,2060.3
Tamil Nadu,Theni,54.9,48.6,346.6,8402.8,2072.8
Tamil Nadu,Ramanathapuram,52.9,40.2,349.8,8134.5,2002.8
Tamil Nadu,namakkal,50.5,41.0,348.0,8206.8,1994.4
Tamil Nadu,Thanjavur,52.6,51.9,339.2,8387.5,2063.1
Tamil Nadu,Tiruchirappalli,58.5,43.0,400.0,9197.5,2257.9
Tamil Nadu,Pollachi,52.8,55.0,323.8,8257.1,2029.9
Tamil Nadu,Karur,56.2,43.1,379.1,8796.5,2163.4
Tamil Nadu,Dharmapuri,51.9,45.9,335.2,8182.7,1993.0
Tamil Nadu,Madurai,54.0,49.4,336.3,8236.4,2035.1
Tamil Nadu,Virudunagar,52.6,46.5,339.5,8163.1,2016.0
Tamil Nadu,Tiruppur,49.6,47.6,319.9,7882.3,1935.4
Tamil Nadu,Salem,48.5,39.5,333.9,7883.9,1915.4
Telangana,Zahirabad,48.7,41.2,359.7,8400.4,2036.2
Telangana,Khammam,54.0,45.5,381.9,9069.5,2187.6
Telangana,Medak,51.0,39.6,385.7,8852.7,2136.7
Telangana,Bhongir,56.8,47.9,398.0,9459.8,2287.3
Telangana,Chevella,56.8,48.1,384.5,9223.5,2233.7
Telangana,Secunderabad,55.0,53.2,351.3,8687.4,2135.9
Telangana,Peddapalle,49.4,42.3,366.4,8612.9,2076.3
Telangana,nalgonda,55.3,47.4,391.1,9301.6,2248.1
Telangana,nagarkurnool,54.5,44.4,390.2,9124.3,2214.3
Telangana,Karimnagar,47.9,38.6,377.9,8657.4,2083.5
Telangana,Nizamabad,47.1,41.5,348.7,8191.1,1986.8
Telangana,Adilabad,51.9,48.6,346.9,8537.7,2064.2
Telangana,Mahabubabad,58.7,48.2,410.6,9712.5,2348.8
Telangana,Mahbubnagar,54.5,44.4,390.2,9124.3,2214.3
Telangana,Warangal,62.6,50.5,434.5,10247.2,2482.9
Telangana,Hyderabad,55.1,53.1,351.7,8694.8,2137.3
Telangana,Malkajgiri,56.7,48.4,382.5,9191.5,2227.9
Tripura,Tripura East,61.2,31.6,459.9,9982.3,2410.3
Tripura,Tripura West,53.7,28.4,396.9,8653.3,2094.3
Uttar Pradesh,Saharanpur,53.9,44.6,326.3,8020.5,1951.0
Uttar Pradesh,Kairana,54.5,46.4,321.3,8011.8,1949.0
Uttar Pradesh,nagina,54.7,37.6,329.8,7931.9,1908.7
Uttar Pradesh,Muzaffarnagar,56.4,50.2,323.4,8225.5,2000.0
Uttar Pradesh,Baghpat,65.5,64.3,358.2,9499.4,2305.4
Uttar Pradesh,Amroha,57.5,47.0,336.7,8391.5,2032.3
Uttar Pradesh,Sambhal,55.5,39.4,336.3,8103.2,1954.5
Uttar Pradesh,Meerut,60.5,58.9,343.1,8958.1,2176.8
Uttar Pradesh,Lalganj,56.7,32.0,374.1,8432.1,2048.1
Uttar Pradesh,Jalaun,63.6,49.6,356.9,8925.0,2164.7
Uttar Pradesh,Rampur,53.1,35.4,328.4,7744.9,1877.0
Uttar Pradesh,Ghaziabad,60.3,63.3,340.1,9042.3,2202.1
Uttar Pradesh,Pilibhit,55.7,40.9,345.4,8267.6,2005.4
Uttar Pradesh,Bulandshahr,57.8,45.6,330.7,8246.7,1996.0
Uttar Pradesh,Kheri,57.4,34.5,378.8,8656.6,2093.0
Uttar Pradesh,Bareilly,58.3,43.9,353.2,8550.9,2075.1
Uttar Pradesh,Aonla,58.1,43.0,353.1,8513.7,2065.8
Uttar Pradesh,Budaun,57.7,41.6,353.1,8459.3,2052.2
Uttar Pradesh,Shahjahanpur,52.6,39.2,328.5,7873.3,1909.4
Uttar Pradesh,Bahraich,51.2,35.1,321.7,7629.1,1838.1
Uttar Pradesh,Aligarh,62.8,46.7,357.5,8840.5,2137.6
Uttar Pradesh,Dhaurahra,59.8,36.4,389.3,8937.2,2162.7
Uttar Pradesh,Etah,63.4,52.8,353.4,8995.4,2177.1
Uttar Pradesh,Mathura,51.0,45.4,288.8,7384.4,1795.9
Uttar Pradesh,Farrukhabad,55.9,50.2,323.6,8249.1,2002.1
Uttar Pradesh,Hardoi,58.4,40.8,365.0,8609.7,2097.5
Uttar Pradesh,Hathras,61.7,50.7,348.9,8801.1,2132.9
Uttar Pradesh,Domriaganj,48.1,32.5,312.0,7262.4,1763.5
Uttar Pradesh,Sitapur,62.8,38.7,402.7,9292.5,2251.0
Uttar Pradesh,Firozabad,54.1,46.9,307.0,7861.9,1898.0
Uttar Pradesh,Maharajganj,52.8,33.1,348.0,7981.3,1935.6
Uttar Pradesh,Mainpuri,53.3,40.3,316.0,7708.0,1871.6
Uttar Pradesh,Kaisarganj,51.3,35.9,330.3,7790.4,1881.1
Uttar Pradesh,Gonda,52.2,36.8,338.3,7964.9,1925.0
Uttar Pradesh,Misrikh,59.1,41.8,367.7,8711.0,2119.7
Uttar Pradesh,Barabanki,53.9,33.1,370.6,8377.8,2032.5
Uttar Pradesh,Kushi nagar,57.8,36.3,363.4,8411.1,2046.8
Uttar Pradesh,Fatehpur Sikri,46.9,41.2,265.0,6748.0,1644.4
Uttar Pradesh,Azamgarh,56.7,32.0,374.3,8439.7,2049.8
Uttar Pradesh,Bansgaon,55.6,35.0,366.7,8407.7,2039.9
Uttar Pradesh,Amethi,56.3,42.8,352.1,8470.2,2053.3
Uttar Pradesh,Akbarpur,56.2,52.0,319.1,8188.5,1999.8
Uttar Pradesh,Rae Bareli,58.5,43.8,364.9,8773.9,2124.3
Uttar Pradesh,Mohanlalganj,52.9,44.2,326.6,7912.6,1946.5
Uttar Pradesh,Deoria,55.5,33.8,359.1,8228.4,1997.9
Uttar Pradesh,Sant Kabir nagar,53.4,31.6,351.3,7989.0,1937.6
Uttar Pradesh,Faizabad,53.0,33.3,352.7,8041.8,1957.0
Uttar Pradesh,Etawah,60.3,48.4,347.9,8648.7,2103.2
Uttar Pradesh,Sultanpur,55.0,42.2,344.5,8287.6,2010.6
Uttar Pradesh,Salempur,56.7,30.6,385.2,8611.3,2081.1
Uttar Pradesh,Ghosi,59.8,32.4,388.4,8775.4,2123.4
Uttar Pradesh,Chandauli,61.0,39.4,378.7,8881.7,2151.3
Uttar Pradesh,Allahabad,52.0,39.9,334.7,7964.0,1938.4
Uttar Pradesh,Mirzapur,58.0,32.8,367.1,8425.4,2032.9
Uttar Pradesh,Robertsganj,58.2,36.4,381.4,8773.5,2124.6
Uttar Pradesh,Fatehpur,56.1,34.9,341.9,8035.3,1941.9
Uttar Pradesh,Jaunpur,60.5,34.7,389.9,8838.0,2152.3
Uttar Pradesh,Pratapgarh,48.1,35.4,317.0,7468.5,1810.3
Uttar Pradesh,Hamirpur,61.9,44.4,360.8,8774.4,2128.2
Uttar Pradesh,Kaushambi,48.3,31.9,320.8,7419.6,1795.6
Uttar Pradesh,Ballia,57.8,32.5,384.9,8692.9,2101.1
Uttar Pradesh,Jhansi,68.0,48.7,386.8,9467.6,2297.5
Uttar Pradesh,Ghazipur,56.8,36.2,358.7,8348.9,2023.2
Uttar Pradesh,Machhlishahr,60.2,35.8,382.1,8762.8,2129.8
Uttar Pradesh,Phulpur,52.0,39.9,334.7,7964.0,1938.4
Uttar Pradesh,Sant Ravi Das nagar (Bhadohi),53.4,34.9,343.4,7987.5,1935.6
Uttar Pradesh,Ambedkar nagar,51.2,33.2,324.7,7591.7,1835.0
Uttar Pradesh,Banda,56.7,37.0,353.2,8301.4,2008.1
Uttar Pradesh,Kanpur,56.0,52.2,317.3,8153.5,1993.0
Uttar Pradesh,Unnao,53.7,37.8,350.3,8227.7,1991.6
Uttar Pradesh,Kannauj,53.4,46.4,309.2,7829.9,1898.3
Uttar Pradesh,Lucknow,51.0,45.3,312.0,7649.3,1888.4
Uttar Pradesh,Varanasi,59.1,39.8,356.3,8514.1,2055.5
Uttar Pradesh,Gorakhpur,56.6,36.8,372.9,8589.0,2085.1
Uttar Pradesh,Basti,49.9,30.8,330.1,7534.1,1829.9
Uttar Pradesh,Shrawasti,54.5,37.4,347.5,8196.7,1978.4
Uttar Pradesh,Agra,49.1,43.1,278.3,7083.9,1724.5
Uttar Pradesh,Gautam Buddha nagar,61.0,59.3,345.7,8974.9,2193.0
Uttar Pradesh,Bijnor,56.4,46.5,329.1,8222.0,1991.0
Uttar Pradesh,Moradabad,55.2,38.8,334.2,8047.5,1939.6
Uttarakhand,Almora,69.8,55.9,435.3,10537.8,2563.5
Uttarakhand,Hardwar,63.0,52.3,380.5,9357.5,2280.8
Uttarakhand,Tehri Garhwal,61.2,52.2,378.8,9311.4,2265.3
Uttarakhand,Garhwal,61.1,51.3,385.7,9410.6,2284.9
Uttarakhand,nainital - Udhamsingh nagar,66.9,53.5,401.5,9862.4,2392.9
West Bengal,Darjiling,52.4,38.8,363.5,8434.9,2046.7
West Bengal,Arambag,51.7,34.6,356.6,8142.5,1977.4
West Bengal,Barasat,55.9,42.5,357.3,8456.9,2068.0
West Bengal,Medinipur,58.8,33.2,426.6,9394.6,2278.9
West Bengal,Tamluk,59.4,33.6,410.7,9068.5,2220.3
West Bengal,Murshidabad,49.5,32.3,354.5,8049.9,1939.2
West Bengal,Krishnanagar,51.5,35.2,351.7,8081.6,1961.7
West Bengal,Birbhum,49.0,34.4,363.4,8208.0,1991.7
West Bengal,Bolpur,52.6,36.2,379.6,8629.4,2089.1
West Bengal,Barddhaman - Durgapur,56.5,38.2,397.4,9090.4,2195.8
West Bengal,Puruliya,47.8,31.2,354.2,7913.7,1922.3
West Bengal,Barddhaman Purba,56.5,38.2,397.4,9090.4,2195.8
West Bengal,Bankura,54.8,39.0,392.6,8902.9,2176.7
West Bengal,Asansol,56.5,38.2,397.4,9090.4,2195.8
West Bengal,Ranaghat,51.5,35.2,351.7,8082.3,1961.9
West Bengal,Jangipur,49.1,31.7,355.0,8043.7,1934.8
West Bengal,Balurghat,53.5,34.1,394.8,8843.5,2136.7
West Bengal,Maldah Uttar,49.6,30.5,355.8,8010.1,1929.5
West Bengal,Kolkata Uttar,55.4,51.2,306.9,7756.6,1936.2
West Bengal,Jhargram,57.0,32.8,419.5,9251.6,2239.7
West Bengal,Kolkata Dakshin,54.8,46.0,320.5,7857.2,1943.4
West Bengal,Uluberiya,56.2,43.0,347.3,8271.7,2033.5
West Bengal,Mathurapur,53.4,34.0,352.0,8089.4,1960.1
West Bengal,Jaynagar,54.5,37.8,354.3,8252.6,2008.0
West Bengal,Diamond Harbour,53.4,34.0,352.0,8089.4,1960.1
West Bengal,Kanthi,59.5,33.6,411.2,9075.6,2222.2
West Bengal,Basirhat,56.2,43.3,357.8,8492.5,2078.4
West Bengal,Bangaon,54.4,40.1,355.4,8331.5,2032.7
West Bengal,Koch Bihar,50.2,33.3,368.8,8332.9,2009.4
West Bengal,Alipurduars,49.3,33.7,350.7,7998.5,1935.0
West Bengal,Jalpaiguri,49.2,33.7,350.4,7993.7,1933.9
West Bengal,Barakpur,56.2,43.3,357.8,8492.5,2078.4
West Bengal,Haora,56.2,43.1,347.1,8268.7,2032.8
West Bengal,Jadavpur,53.4,34.0,352.0,8089.4,1960.1
West Bengal,Hugli,50.2,35.0,340.7,7854.8,1909.3
West Bengal,Shrirampur,53.1,38.9,343.8,8055.1,1969.0
West Bengal,Baharampur,49.1,31.7,355.0,8043.7,1934.8
West Bengal,Maldah Dakshin,49.5,30.8,355.6,8017.9,1930.7
West Bengal,Raiganj,51.7,33.0,377.0,8458.2,2046.1
West Bengal,Ghatal,58.8,33.2,427.4,9411.0,2281.8
West Bengal,Dum Dum,56.2,43.3,357.8,8492.5,2078.4
West Bengal,Bishnupur,56.2,40.2,399.8,9100.0,2222.1
